mfName,MFType,score_raw,age_months,cost_of_uniqueness,crowding_score,flow_vol_ann_36m_std,flows_ann_36m_avg,ret_3m,ret_6m,value_added,vol_ret_36m,score_0_100,rank
Demina Mitra Maxima Ekuitas,SH,2.132774126130454,95,2.861015677153798,-0.0485786652467655,0.0524002266398927,-0.0311776248557351,0.4480815994670897,0.8326335463175736,1.954369554094363,0.0805892568164871,100.0,1
Bahana Icon Syariah Kelas G,SH,1.106255354412226,131,4.471727003886336,0.105491011297506,0.0030443495036296,0.0020941161857625,0.2107837561471793,0.3993518824408688,12.90037511115018,0.0516703181015318,74.9,2
Simas Syariah Unggulan,SH,0.9326857593934176,137,3.052771750270107,0.0172865037372801,0.029564961646868,0.0200565720649134,0.049925699590239,0.2893099003831239,1.429427788821781,0.0457951514234812,70.7,3
Sucorinvest Maxi Fund,SH,0.8445523790329086,135,4.331923977866025,0.1920449163274199,0.031464735214638,-0.0124783450112147,0.2542396004031848,0.3657640858965221,7.296111199706845,0.0569172171191886,68.5,4
Jasa Capital Saham Progresif,SH,0.6666176302715405,103,2.387288326674059,-0.0472132637128793,0.0257907842292713,0.0158407617348481,0.0406448526310705,0.2168173076722981,-2.263825349880376,0.0585611606680124,64.1,5
SAM Indonesian Equity Fund,SH,0.6458568004195296,171,4.156710194915664,0.2782754006595191,0.0421456084663567,0.0164163686865346,0.1249179983599999,0.2408605146412468,13.32676389206751,0.0520064345072677,63.6,6
HPAM Ekuitas Syariah Berkah,SH,0.6288710574693849,70,5.247275869724294,0.0471246177756778,0.030350235767883,0.0169572925655423,0.017310437409443,0.2290971858407289,28.80426179933045,0.0606825011730957,63.2,7
Bahana Dana Ekuitas Prima,SH,0.6171348122918427,240,5.444058306114108,0.2652540117897556,0.0080025529094915,-0.0063502633988186,0.2425040592155359,0.3348213581069202,-1.102901288211073,0.0534996708716993,62.9,8
Simas Danamas Saham,SH,0.6131677370594656,220,2.521917741384128,0.0086909025716672,0.0298924847500068,0.0173442367065749,0.0518152751552507,0.164164577108169,5.230130072179079,0.0409972380924172,62.8,9
Bahana Explorer Equity Fund Kelas I,SH,0.5775118535586347,94,5.445869116183435,0.2654983227354401,0.0463967913307744,0.0353263323296605,0.1879537254199999,0.2421204505938779,-1.995094978603791,0.0561947531867013,62.0,10
Sucorinvest Saham Dinamis,SH,0.5697956571418578,122,3.814691061442931,-0.048577705395355,0.0326011657306837,0.0025615827346134,0.0721001650400001,0.1331750472219579,-1.715407603924187,0.0349911284674926,61.8,11
Principal Islamic Equity Growth Syariah,SH,0.5647412396814837,222,2.241154758877822,0.1076029033347843,0.00218041830981,-0.0004514302157862,0.0772061395365786,0.1862138727076701,-1.60066125283874,0.0361880944439703,61.7,12
Trim Syariah Saham,SH,0.5153358388606829,229,5.134374542251359,0.026171550428504,0.0187671186853031,0.0125137683157976,0.0921328298237247,0.215218629782262,-1.697073716919928,0.0525605080571694,60.4,13
Sucorinvest Sustainability Equity Fund,SH,0.4938859175536157,49,5.036402619231646,0.3050595306588177,0.0288781621879955,-0.0171095315320824,0.2032767569319465,0.2145311371493599,9.139806339349034,0.0453228047593829,59.9,14
Sucorinvest Sharia Equity Fund,SH,0.4693370828899546,146,3.456554499417228,-0.0125690194064917,0.0114839320256306,-0.0042193361024927,0.1728969009987129,0.145595286543295,-13.6007937932078,0.0320095561291827,59.3,15
SAM Dana Saham Nusantara Kelas S,SH,0.3891195432828776,37,3.689496213697561,0.457920571221937,0.0055635848514931,0.0022979149070198,0.2070689114343611,0.2123674378579115,-0.7424657682187052,0.0517588572535834,57.4,16
Mandiri Investa Atraktif Syariah,SH,0.3711540410451037,216,3.694441775223418,0.1879693381231924,0.0096585519619139,0.0062531223173305,0.1006032434743103,0.1453204043429117,-4.323462621192331,0.037999805649409,56.9,17
HPAM Ultima Ekuitas 1,SH,0.3661087617365447,194,6.636051566437776,0.2465399115811883,0.0058672615210141,-0.0001575661647726,0.0202420620273797,0.2137079800461388,13.15964207295258,0.0516802871529014,56.8,18
Mandiri Investa Ekuitas Dinamis,SH,0.3576742856072638,178,3.021764624308184,0.0072026206585057,0.0039930086918678,0.0032875269678866,0.066701426105332,0.1104803582507849,-4.50111719417564,0.0394234407747854,56.6,19
Manulife Syariah Sektoral Amanah Kelas A,SH,0.3504052679700803,204,3.099683232558521,0.1934659729934836,0.0084462981098697,-0.0031831148106712,0.1250438318971188,0.147786796944366,-14.36894456807599,0.0361421785093152,56.4,20
Syailendra Equity Opportunity Fund Kelas A,SH,0.3500110979483519,224,8.85282430159726,0.4352084905719996,0.0043511913270326,-0.0016530651989081,0.1960079112308319,0.20132270461343,8.826021610742481,0.0434171525629331,56.4,21
Manulife Saham Andalan,SH,0.3052134046000138,219,3.826123928799832,0.3465972230585346,0.0255334432080586,-0.015146738159171,0.1878706614329575,0.2680750994693344,-13.1132691978034,0.0440432187524773,55.3,22
BRI Mawar Fokus 10,SH,0.260231971204263,191,3.164479748218999,0.0519768686500742,0.0059782061391842,-0.0003722142625531,0.0849353910579155,0.1109635208408741,-9.478642880802877,0.0443802225513118,54.2,23
BNP Paribas Pesona Syariah,SH,0.2503020214932238,225,2.551074915164933,0.2160167511698906,0.0229911543208298,-0.012138523245954,0.1029089481437855,0.1295800159015654,-4.038530922408166,0.0331920295433818,54.0,24
BMI Indo Saham Andalan,SH,0.2273997981208778,55,5.011952840292053,0.4014309201231059,0.0076975551653283,-0.0043582939046832,0.0723498567423452,0.1785483696073737,1.05075957869111,0.0399653790970464,53.4,25
Manulife Dana Saham Utama Kelas I,SH,0.2222278268751491,121,6.984318992180271,0.4272884722936554,0.0493710081710754,0.0105421361559718,0.1869139068800001,0.1996465517786103,-9.8647295638156,0.0426060718342216,53.3,26
Manulife Institutional Equity Fund Kelas I,SH,0.196651946782035,174,2.438027772028243,0.3847485999914919,0.0186337577618079,-0.0116621999783267,0.162499101462227,0.1672194917393746,-13.40622724464702,0.042382603439514,52.7,27
Manulife Saham SMC Plus,SH,0.1921623116119236,154,2.962758192314253,-0.0125699788063555,0.0168033373305356,-0.0051171594857399,0.0564490464967428,0.0778129572008361,-5.017899357284966,0.0421772682159609,52.5,28
PNM Saham Unggulan,SH,0.162144678003976,118,5.87120770316692,0.4890318735646493,0.0114011885183097,-0.0052818875763563,0.1049872767280269,0.2249813427431577,-2.628223009696098,0.0434401157046677,51.8,29
Panin Dana Syariah Saham,SH,0.1601624467809164,162,3.724440551370968,0.1945098978970952,0.018488654875614,-0.0066173192300927,0.063815260935423,0.1138972286352207,-4.392975258449514,0.0362264221389209,51.8,30
Bahana Stellar Equity Fund Kelas I,SH,0.1505343514009853,98,7.821916858119132,0.4886164002308451,0.043142128608824,0.0186979093720583,0.13457900528,0.1452598289251659,-4.034636619271349,0.0384467930629512,51.5,31
Cipta Saham Unggulan,SH,0.1461559497917228,84,4.091194966856198,0.144504227162386,0.0291608445671488,-0.0151794883164796,0.0814828376358931,0.1083392504606895,-0.3648452931435391,0.0369080495884759,51.4,32
HPAM Smart Beta Ekuitas,SH,0.1392576482659723,96,6.90547027983543,0.2759363522857476,0.0417849342886239,0.0395638200237858,-0.0172847234569998,0.1138879862221818,-0.3332551274377706,0.0602602769581703,51.2,33
BNP Paribas Solaris,SH,0.1247760829573384,213,2.443191187105212,-0.0232518900668176,0.0054637266637631,0.004476372662626,0.0075282170407313,0.065991082789889,-12.78900154552453,0.0424293170512713,50.9,34
Tram Consumption Plus Kelas A,SH,0.1144178724754414,176,8.316772183031505,0.3988052227519986,0.0114233133537355,-0.0065444430364615,0.1452593910272439,0.1744080191555444,0.3750959159034261,0.0407415747191591,50.6,35
Panin Dana Berkembang,SH,0.0952791054431677,98,2.270800198775922,0.5596266018740657,0.0491638793028248,0.0057619690163116,0.1243328303110001,0.1140991436429963,-5.073209505702699,0.0401310923278767,50.2,36
Recapital Equity,SH,0.0917801449818523,113,3.389245585288792,0.1148472648244594,0.0091451743085477,-0.0047702867093434,0.0688774274436436,0.0301607354771058,0.2931807953476491,0.035560588460903,50.1,37
Eastspring Investments Value Discovery Kelas C,SH,0.0869569175176147,41,2.855439480098255,0.4746868177544477,0.0423731454103417,0.0152988333868133,0.1199935673329999,0.1046536806233394,-5.315475062602449,0.0407358489215424,50.0,38
Panin Dana Berdedikasi,SH,0.0737627359420992,101,2.159244967431196,0.5368751507663918,0.0535452151701898,0.0070429552430409,0.1234789148659998,0.1106722143369954,-5.49591903546768,0.0415248645153223,49.6,39
Prospera Bijak,SH,0.0716262030261686,175,5.893168627473749,0.4909359990117874,0.0331207741230826,-0.0198257655965825,0.1315186729227968,0.1745819345477355,1.951676917519964,0.038182229424077,49.6,40
Schroder Dana Istimewa,SH,0.0713878496957261,254,3.640309612186847,0.3132452273755439,0.0047058599679174,-0.0024309086816298,0.0970658202714414,0.1387389513250186,-35.88070763347244,0.0374198295343228,49.6,41
Schroder Dana Prestasi Prima,SH,0.0700785315264575,120,2.804308785819508,0.2868117768937002,0.0240484223771222,-0.0142297794038389,0.1327372882155751,0.1076290363555716,-4.829740809378649,0.036256670596004,49.6,42
Manulife Dana Ekuitas Utama Kelas I,SH,0.042811812307339,94,3.363626031401277,0.4054035789564853,0.0513456026314471,0.0028826444236358,0.1271858911850001,0.0983708437403907,-5.763005205185173,0.041993796499536,48.9,43
HPAM Syariah Ekuitas,SH,0.0324619782665775,136,2.951732575711095,-0.0163522348488079,0.0244666025402149,0.0133396312461623,-0.0829835062147278,0.0092308660672393,7.80970361106546,0.0513918718645242,48.6,44
Ashmore Dana Progresif Nusantara,SH,0.0311559225630593,155,4.769380642995288,0.3709875087437085,0.0250209827449587,-0.013035472296817,0.1175777447255537,0.1345059068089494,-6.649404532076725,0.0396248715742849,48.6,45
Prospera Saham SMC,SH,0.0271948871315269,104,8.296830152617346,0.397360207690562,0.0275560550693835,-0.0156693302321285,0.1228932067169057,0.1660143872811801,2.517629879207675,0.037215520497598,48.5,46
Bahana Dana Ekuitas Andalan Kelas S,SH,0.0126862021175916,38,6.162405693613173,0.5131771341978907,0.0168628781780268,-0.0106085230172964,0.1116096917448997,0.1556602915971588,-2.950687997706715,0.0383742846399483,48.2,47
Trim Kapital Plus,SH,-0.0080631581109032,212,9.703923687454948,0.4847445053114024,0.0182048033846644,-0.0102693027399513,0.1262871208819738,0.1433347707054935,9.96553283003563,0.0419130722202475,47.6,48
Bahana Dana Ekuitas Andalan Kelas G,SH,-0.0162565645282399,242,6.162405693613173,0.5131771341978907,0.0168629559763258,-0.0106074893503722,0.1116097022251974,0.1556567486687799,-15.05222628771463,0.0384164653049056,47.4,49
Schroder 90 Plus Equity Fund,SH,-0.0311511553650793,189,4.173590774116121,0.4009954173023953,0.0263367498918088,-0.0156854965781873,0.148701307826578,0.1294426022324899,-8.072379122886451,0.0372455341134055,47.1,50
BRI Mawar Ekuitas Utama,SH,-0.0389049429824283,98,2.277555513297028,0.5609327657825636,0.0499359213074913,0.0138284628163848,0.1192383563359998,0.0653341568405141,-6.104762716407638,0.0416716278951107,46.9,51
Panin Dana Ultima,SH,-0.0632700318422863,139,4.144083432747902,0.2760763510953907,0.0224522840599556,-0.0106622425440664,0.1005381195438002,0.0886319012625613,-4.932168335892666,0.0404867804620243,46.3,52
Prospera BUMN Growth Fund,SH,-0.0634933702171652,128,6.015705046956564,0.5013053371827554,0.0327731264972625,-0.01913937949484,0.1417207326118068,0.1277793805540408,-0.1045104359961417,0.0445410493325476,46.3,53
BNI - AM Dana Saham Inspiring Equity Fund,SH,-0.0668002646707036,141,6.786147686106911,0.5593965621878016,0.0384790190472511,0.0088187354804048,0.1345887848959999,0.124096351450339,-7.047432559533236,0.0423184160461747,46.2,54
Eastspring Investments Alpha Navigator Kelas A,SH,-0.0774078996756391,160,4.307668746356428,0.4196396828064867,0.0179098628495595,-0.0113947686405948,0.1189180067026052,0.0884638154250374,-4.16784077546578,0.038403057948926,45.9,55
Sucorinvest Equity Fund Kelas A,SH,-0.0818636241664597,164,4.925004358590909,0.2893407304513771,0.0252557623734545,-0.013300803080906,0.0734793288716124,0.0710783653435542,-12.0585245582759,0.0386087042831202,45.8,56
Panin Dana Infrastruktur Bertumbuh,SH,-0.0889663683354721,117,5.587225274362684,0.4630608481520015,0.0278612684631787,-0.0141792424501802,0.0987745571888243,0.1331300509825979,0.5685534447809337,0.0476603813768553,45.7,57
Eastspring Investments Value Discovery Kelas A,SH,-0.1116358307419931,151,4.759065800163759,0.4746868177544477,0.0139054361399553,-0.009160397200315,0.1144964068285859,0.1060886554093265,-6.333053054430369,0.040041634642542,45.1,58
BRI Mawar Ekuitas Plus,SH,-0.1386745383958683,128,4.555111026594057,0.5609327657825636,0.0499845915670744,0.0143667376464136,0.1178638167399999,0.0621055121445279,-7.217216725623815,0.041789534935899,44.5,59
Bahana Primavera 99 Kelas S,SH,-0.1520567569802516,136,4.438492450319188,0.5493965524586681,0.0308340950057314,-0.0198791028043645,0.1168553009832862,0.1035201999728181,-2.072448706660504,0.0416433764145031,44.1,60
Majoris Saham Alokasi Dinamik Indonesia,SH,-0.1568665195362902,121,5.885848226475728,0.4903028612757297,0.0315100296827349,-0.0178867133393525,0.1044250973567535,0.1288024258044436,-0.1434569865664075,0.0427630404726543,44.0,61
Batavia Dana Saham Optimal,SH,-0.1668514019998405,232,4.987113019170821,0.3984495662184145,0.0368602713554533,-0.0222999070841645,0.121952207904003,0.1111309313090225,-8.183525266910092,0.0373345181280005,43.8,62
UOBAM Sustainable Equity Indonesia D,SH,-0.1814751588289422,45,5.496150350887189,0.4541634037511838,0.0158111219759402,0.0087884144317497,0.0310505424474161,0.0568515004708574,-6.269698580900588,0.0428656298378923,43.4,63
Allianz Indo Asia Equity Fund Kelas A,SH,-0.1884897037056916,107,6.160009852980168,0.5129877919677966,0.0272531131699472,-0.0165179537010184,0.1089541826815947,0.1126921786994479,-1.263132255259373,0.0398676071475705,43.2,64
Simas Saham Unggulan,SH,-0.2052642565262721,157,6.13843905493686,0.3483685405684713,0.0376329614011518,0.0223524068809554,-0.0161413936220861,0.0102307832062016,-9.412704121260404,0.0401539581210829,42.8,65
KISI Equity Fund,SH,-0.2088044595065131,72,6.106899500007154,0.5087523546119458,0.0250620608525379,-0.0137407344326727,0.1016698565617897,0.1075207060102179,-4.593088836346237,0.0392638065259084,42.7,66
Ashmore Dana Ekuitas Nusantara,SH,-0.2149880112776108,155,6.863870131381479,0.5629287934391329,0.0422333575235097,0.0122765768322667,0.0866901056339999,0.0717600819741735,-10.65765782641117,0.0396822630403055,42.6,67
SAM Dana Cerdas,SH,-0.2274429732509116,129,3.371814189554612,0.4068475047659186,0.0480518611995465,0.0030795288269621,0.039466546456,0.0558336130124303,-7.573284360863788,0.0481614733565431,42.3,68
Ashmore Digital Equity Sustainable Fund,SH,-0.2418130412033091,49,4.896210984034355,0.3872813059358657,0.0035797249900321,0.002751836784377,-0.0020486600226091,0.0224495145537999,-5.989591795453362,0.042771629313624,41.9,69
Mandiri Investa Atraktif Kelas A,SH,-0.24443800279898,248,4.609867405385192,0.5661480419884476,0.0089639566046617,-0.0055144358231848,0.0867945471575575,0.0603102566211062,-21.4784216017168,0.0391509511931722,41.9,70
Bahana Primavera Plus,SH,-0.2646516219115636,356,3.884072325749086,0.2276147948863395,0.0053427945069257,-0.0043932830525269,0.0886617202253929,0.1366710774261026,-91.14702759104094,0.0416917178155173,41.4,71
BNP Paribas Maxi Saham,SH,-0.2693638212944742,192,5.100459192415009,0.5098480537364561,0.0293905714616516,-0.0169558883203357,0.0923025921251734,0.0739342211451281,-6.601506740997499,0.0369423100662177,41.3,72
Allianz Alpha Sector Rotation Kelas A,SH,-0.2701561572836997,185,6.699382650955204,0.5521975447137272,0.0305989498699106,-0.0184472248177921,0.1260811056319091,0.1307790601541767,-5.06176859577936,0.0423996292585899,41.2,73
Mandiri Investa Cerdas Bangsa Kelas A,SH,-0.2711428556907094,211,4.466490605014426,0.5522211559664658,0.0144982316118268,-0.0085303484398816,0.0824009407358421,0.0405453246556815,-12.95060767946248,0.0388868991465624,41.2,74
Panin Dana Teladan,SH,-0.2811080274287099,128,4.845440163099963,0.3808612016620813,0.0245076263711645,-0.0149147035749424,0.0600163358927661,0.0603770422826754,-10.83738792335621,0.0398825716595329,41.0,75
Mandiri Investa Equity Movement,SH,-0.2936581806928967,159,6.824626905401588,0.5604155301697817,0.008713341846926,-0.0053472340784204,0.085851075284876,0.0593945764876617,-8.718542294252542,0.0394205468340362,40.7,76
BRI Mawar Komoditas 10,SH,-0.3085868959700839,179,6.506534835635406,0.5389250844290562,0.0241548627929009,-0.0143971300673039,0.1200073277304909,0.0787155335047404,-3.935526522707858,0.0407583920684605,40.3,77
Panin Dana Prima,SH,-0.3157531511002506,217,5.104903093222798,0.412329686731417,0.0243887315533405,-0.0147147633380499,0.0603158357828361,0.0528180866365779,-18.56239248282516,0.0388399366734399,40.1,78
Trim Kapital,SH,-0.3263037112338085,348,10.06024534201851,0.5029942282703028,0.0086287493120868,-0.0045634862793454,0.0920160942150101,0.108506664456915,-37.05888113993235,0.0362875694690431,39.9,79
Insight Wealth (I-Wealth),SH,-0.3344976560595169,134,5.287585110399547,0.5271943717590407,0.0367090467844089,-0.0217395467356748,0.1098444808505366,0.0750870177109139,-5.649069893308779,0.0410376328211592,39.7,80
Mandiri Investa Equity ASEAN 5 Plus,SH,-0.3391786599235474,145,6.917108196689555,0.5662927462323397,0.0078096857433736,-0.0046266621733746,0.0800908846859946,0.0480770057227653,-9.192255116897924,0.038650764954534,39.5,81
Avrist Ada Saham Blue Safir Kelas A,SH,-0.3506890262943332,104,5.215971773503587,0.4248435132951477,0.0122375083976401,-0.006673555540353,0.0587050714739707,0.0618256755461303,-8.25972528107954,0.0462129842208102,39.3,82
BNP Paribas Infrastruktur Plus,SH,-0.3642369305495466,227,5.64770514504912,0.557342330062761,0.0322474959181183,-0.0182814638946537,0.0863648885248233,0.0626548822081167,-10.05228843422654,0.0374659211272523,38.9,83
BRI Mawar Konsumer 10 Kelas A,SH,-0.3753946195116458,179,6.281090964347042,0.5223759666865662,0.0076162542378743,-0.0046383715889253,0.0708276655558355,0.0275067258400958,-10.52988676840704,0.0388561896720274,38.7,84
Bahana Primavera 99 Kelas A,SH,-0.3951260892141155,68,8.876984900638377,0.5493965524586681,0.0300655286843143,-0.0193952326401465,0.1117463852860552,0.0935022954752873,-4.249982347955402,0.0415732204044863,38.2,85
Sequis Equity Maxima,SH,-0.4129443715229023,112,5.924286516834255,0.4936099070368558,0.0198962584730263,-0.0127229179293412,0.0738369927042892,0.0166857075605952,-6.019235120043774,0.0374828461318249,37.7,86
Sequis Equity Indonesia,SH,-0.4437843048459908,112,5.640890585880887,0.4681690853020655,0.0359062495853853,-0.0214232983607253,0.0969517093543681,0.0376458787727536,-5.432374025984772,0.0401649262625118,37.0,87
Maybank Dana Ekuitas,SH,-0.460944694614948,226,7.017596516973617,0.4300042770590883,0.0225936158461547,-0.0124099242856435,0.0850281851275227,0.0540385222061889,-18.41966364426564,0.0390129970373325,36.6,88
Cipta GTWS Equity,SH,-0.5152986907750717,130,5.350808531088493,0.3458932459151161,0.0228908382734508,-0.0134801738119744,0.051207250410252,-0.0421060995107087,-8.22493990769695,0.0397596104181114,35.2,89
Manulife Dana Saham Kelas A,SH,-0.5199555682529999,271,4.149348742640976,0.3974958107741985,0.032933874406731,-0.0189716395467858,0.1063743218892881,0.0771621183411461,-70.14290807863907,0.041410148480777,35.1,90
Rencana Cerdas,SH,-0.6280214881637416,320,6.281096879867237,0.4427724859301995,0.0360516201035305,-0.020312481152771,0.099642974245601,0.069207858638032,-61.80102758452573,0.040955206896701,32.5,91
Schroder Dana Prestasi Plus,SH,-0.7181628001148169,306,4.561737506470698,0.4519632055869459,0.023996665644173,-0.0148273425434447,0.1202403089451924,0.10917058796276,-121.9572832886225,0.0369330241060954,30.3,92
BNP Paribas Ekuitas,SH,-0.7330430144042899,302,5.704874660389878,0.5617782775565577,0.032430423243143,-0.0185974925137419,0.0865237115475396,0.0564899985673263,-71.9141141354528,0.0376619933987074,29.9,93
BNP Paribas Pesona,SH,-0.8824456326188841,342,5.575385728383599,0.5516005310138796,0.030539126383623,-0.0174568762501637,0.0883770910089671,0.0630636637964565,-106.6819021699667,0.0369709624317861,26.3,94
Schroder Dana Prestasi,SH,-1.013182690832718,346,3.960096562318827,0.3687022625185358,0.0221538088109823,-0.0131638967368661,0.1236555140063924,0.0968750714797075,-180.5767988906113,0.0364095425996301,23.1,95
Panin Dana Maksima,SH,-1.541487969743455,348,4.444380538577737,0.3249902941569353,0.012362685137539,-0.0042357557973335,0.0983904036957457,0.1073771091822864,-280.5175570038458,0.0456056205959622,10.1,96
Batavia Dana Saham,SH,-1.956326866022295,352,6.19928121445067,0.5160729290668522,0.0412930379378143,-0.0252369287186587,0.1201887386406453,0.0477298083404578,-269.9035345873093,0.0383043099473526,0.0,97
Principal Bond,PT,3.656852172237395,220,1.013317561312652,0.0131425347996542,0.0103486845238597,-0.0065415405398306,0.0449775503431069,0.0745921289390423,126.1581240628357,0.007093047381678,100.0,1
BRI Gebyar Indonesia II,PT,0.7702059602488592,213,1.140756914961937,0.1233890525806138,0.0158164651157799,-0.0101725781777909,0.0600174625011979,0.0980889343633484,6.763412522367322,0.0133047706900301,37.0,2
Bahana Prime Income Fund,PT,0.7535471845895481,125,4.123047174085348,0.0298437463579701,0.0139254776225175,-0.0088722989541366,0.0582138286328852,0.0952851070670866,8.33903113495269,0.0113416041961471,36.6,3
Panin Gebyar Indonesia II,PT,0.7353915231047883,213,1.113055444097632,0.1015721585992399,0.0141766423588382,-0.0090084817493902,0.0564530254762232,0.0959703674556828,5.757936978365236,0.0130847455939021,36.2,4
RD Haji Syariah I Hajj,PT,0.7353181212411478,253,0.9958471181454238,-0.0041702002033304,0.0028161410000203,-0.0017512080374834,0.0257891083729437,0.0579419965564667,11.91723994478628,0.0021263590179026,36.2,5
Eastspring Syariah Fixed Income Amanah Kelas B,PT,0.5253697761832318,72,1.027651504877509,0.026907472763157,0.0080156307910045,-0.0052909677163204,0.04173301987206,0.0759764640869908,2.216673893313895,0.005968388255688,31.7,6
Insight Renewable Energy Fund,PT,0.5139946390203799,175,1.481895461250461,-0.0122171497402805,0.0079892322201461,-0.0099837337746819,0.0248867648599999,0.0589627433720321,6.466089796400809,0.0020657505650066,31.4,7
I AM Bond Fund,PT,0.5067890080159677,118,1.392295821574592,0.1022022901811662,0.0115195120387056,-0.0070569268132619,0.0460909969997136,0.0858090028120726,2.750251965524525,0.0113377388634469,31.3,8
AXA Bond Income Kelas O,PT,0.4909611376496373,172,1.32621389968179,0.0574672756031866,0.0089062728102028,-0.0059113493174949,0.0390281706300139,0.076764002401255,3.229292783155301,0.0101278895891572,30.9,9
BRI Brawijaya Abadi Pendapatan Tetap,PT,0.4767671184535699,81,2.275806056691664,0.1211904924326476,0.011923020393927,-0.0076772930206543,0.0473819639929,0.0882517973887302,3.044412358069311,0.0135128103474338,30.6,10
Manulife Dana Tetap Utama,PT,0.472910951448648,157,2.465513059456478,-0.013987733876017,0.0426274354137246,-0.0443949221493185,0.0520619567509998,0.0854409274198184,7.00006693785667,0.0103347085740775,30.5,11
SAM Dana Obligasi,PT,0.4679042858750877,110,2.126173118629962,0.0593428246855381,0.0094480060282359,-0.0057528875099145,0.0387965984416949,0.0787382164462282,3.596347456172317,0.0097487219949957,30.4,12
Dana Obligasi Stabil,PT,0.4666613956528209,247,1.0150987203315,0.0148741398536777,0.0036109816402252,-0.0025028057327848,0.0237054493908279,0.0535405710258589,9.23403864059878,0.0059874276518146,30.4,13
Manulife Dana Tetap Pemerintah,PT,0.4543373892803723,220,2.49107258615055,-0.0035837630340773,0.0099152768560731,-0.0064214498667433,0.0400649178151335,0.0755328109052579,4.274736848635877,0.0116914639117605,30.1,14
SAM Dana Obligasi Prima,PT,0.435109283492777,89,1.547948324345649,0.03097540375963,0.0106321141507151,-0.0069534888753634,0.0443402572008759,0.0718371751524957,2.53866551816542,0.0083786757657342,29.7,15
BNP Paribas Proxima,PT,0.4331421853478753,135,2.257279063403143,0.1139775172571092,0.0088695286302405,-0.0059011562356242,0.0401012509824478,0.0800735078460461,5.306609059898499,0.0102453544744505,29.7,16
Panin Dana Obligasi Bersama Tiga,PT,0.4262134610867306,78,0.2779450703443547,0.1005417016741212,0.0056523682332934,-0.0038311103310472,0.0278456031724403,0.0694706941897826,4.040663270000415,0.0097464846012569,29.5,17
Allianz Fixed Income Fund 2,PT,0.381860277005968,113,2.254034074495524,0.1127019672727793,0.0101513441881045,-0.0066293394658782,0.0437592326176781,0.0828804141542147,3.14105092771092,0.0116829942895918,28.5,18
Majoris Sukuk Negara Indonesia,PT,0.3810045094369674,97,1.568372945396098,0.0435948258332333,0.0091018210748229,-0.0059271229076736,0.0455281094865764,0.0717651113004878,1.680676851801711,0.0065920551278588,28.5,19
Sucorinvest Bond Fund,PT,0.3652797371969669,108,2.19462072116764,0.0886807999625979,0.0103770794316756,-0.0051556203360909,0.0441693460006906,0.095829236669777,-4.241071673248213,0.0118346156917505,28.2,20
Simas Danamas Instrumen Negara,PT,0.3548744013991345,220,2.215730150309553,0.0973630070789142,0.0087755420049884,-0.0057222413285293,0.0373048334537524,0.0764020847565383,4.266886456647962,0.0103197966686626,27.9,21
Eastspring IDR Fixed Income Fund Kelas B,PT,0.3530672839494601,72,1.156276221350671,0.1351547480308132,0.0082045281887354,-0.0054541557966632,0.0375240012836664,0.078009997107195,3.134461354525745,0.010658781918666,27.9,22
Avrist Prime Bond Fund,PT,0.3398582271816765,139,2.145365397440566,0.0677578736069796,0.0090825150048278,-0.0059375202952966,0.0396265647959681,0.0763005701258314,2.481145559197837,0.0111717844820908,27.6,23
Capital Fixed Income Fund,PT,0.3340809965795388,120,2.024232830063431,0.0119713650048212,0.0030218862818357,-0.0019006151036593,0.02490923914613,0.0552470726478711,4.331450532867504,0.0034296410848126,27.5,24
KISI Fixed Income Fund,PT,0.3267483969682299,72,2.139933731450833,0.0653916190927841,0.0083366270045126,-0.0052689677015197,0.0360240153866884,0.0752618990673004,2.252377909258497,0.0101388023641926,27.3,25
Bahana Pendapatan Tetap Makara Prima Kelas I,PT,0.3253896381331873,38,2.06327808544364,0.0306687139702906,0.0020226875057142,-0.0015733712670354,0.0273457729627177,0.0600830379536758,2.899361198087404,0.0055445418637225,27.3,26
Sequis Pendapatan Stabil,PT,0.3212717862354295,114,2.537949489543144,0.0149528151365909,0.0074701452341007,-0.0050035565882814,0.0394958046783475,0.0697165642625776,1.56854944476679,0.0089913854346769,27.2,27
Schroder Prestasi Gebyar Indonesia II,PT,0.2980611980740013,213,1.155279905311722,0.1344089035027609,0.0082237004037484,-0.0053532156089404,0.0359875678940671,0.0720217290111813,4.302054730744213,0.0094529656102501,26.7,28
PNM Dana Bertumbuh,PT,0.2888383049262085,150,3.194904311903575,0.0610047415747008,0.0233193613145865,-0.0331574076246782,0.0555335433799999,0.089130660813419,1.094762948702655,0.0099814901324147,26.5,29
SAM Sukuk Syariah Sejahtera,PT,0.2774920975197103,191,1.843035050761763,0.0233500989272972,0.030554807294683,-0.0692515074123418,0.0509630251399999,0.0893026759226538,4.973849885712629,0.0072412749907777,26.3,30
Manulife Obligasi Negara Indonesia II Kelas A,PT,0.2670582574753922,204,2.515118024854707,0.0060108610034634,0.0082820575573045,-0.0055083854877602,0.0342523180599998,0.0682475716129891,2.338715472015107,0.0123247806621714,26.0,31
STAR Fixed Income 3,PT,0.2557585597628079,38,2.107443235698754,0.050982742442944,0.0053978473173627,-0.0032859232076931,0.0333585214577065,0.0644203096009403,2.09037800137928,0.0037775797798136,25.8,32
Mandiri Investa Dana Syariah Kelas A,PT,0.2486978032628477,204,2.582916395569691,0.0321018503393729,0.0055391929018105,-0.0035195971426738,0.0310578940500203,0.0627062237361122,1.952923991698572,0.0045550453237687,25.6,33
Eastspring Syariah Fixed Income Amanah Kelas A,PT,0.2465923314727384,104,2.055303009755018,0.026907472763157,0.0074343650432058,-0.0049216822026401,0.037897365926806,0.0681089720174219,0.4668776387304451,0.0059556901645161,25.6,34
Bahana Premier Fixed Income Fund,PT,0.2446031307776906,65,4.379934562529528,0.0867443467717257,0.009209849544743,-0.0058379111100704,0.0391501562233367,0.0785934924119768,3.165743351704067,0.0103684289852141,25.5,35
STAR Stable Income Fund Kelas Utama,PT,0.2291430771343806,116,2.482052184822931,-0.0072310386086218,0.0029631050068114,-0.0018428962870754,0.0231797361861232,0.049195235663813,3.652544934676205,0.0014490534151645,25.2,36
HPAM Ultima Obligasi Plus,PT,0.2246231704918817,114,1.623894390395137,0.0762946107381958,0.0240957913058633,-0.0285751475909593,0.0347894770399999,0.0683552472037201,4.12426902182672,0.0059028629009809,25.1,37
BNP Paribas Prima II Kelas IK1,PT,0.2165314768048834,60,1.375051394883205,0.0909430697270966,0.0078972871656999,-0.0050511671579079,0.0350291516196084,0.0675076865317956,1.434754197029977,0.0094724342353408,24.9,38
Mandiri Obligasi Optima 2,PT,0.1997761737869698,116,2.034175973581621,0.0168008933472194,0.0056937885168353,-0.0027253045584853,0.0279022262355721,0.0614188927513381,1.206207653880067,0.0097480952516335,24.6,39
PNM Kaffah,PT,0.1977975378920159,84,1.025324326580551,0.0246988449645069,0.0111387696371672,-0.0062828432870673,0.0584782058240003,0.0830032859700533,-2.806451043685352,0.0122212394514696,24.5,40
HPAM Pendapatan Tetap Prima,PT,0.1972801242842633,84,0.9910741322171668,-0.0090062564370083,0.0290180107139689,-0.0703648348172799,0.0361884919999997,0.074858825066199,3.539441342519462,0.0042110440468232,24.5,41
Bahana Pendapatan Tetap Makara Prima Kelas G,PT,0.1932012386419548,256,2.06327808544364,0.0306687139702906,0.0015036709128324,-0.0012156513368755,0.0237269557492771,0.0521260268118768,2.880657125299905,0.0055788631631235,24.4,42
BRI Melati Pendapatan Utama,PT,0.1886967142140534,159,2.114001198715664,0.0539267427023808,0.0066331034812579,-0.0047727009200255,0.0314728158400638,0.0668631098081429,1.384578945048673,0.0106574984221558,24.3,43
PNM Dana Optima Kelas A,PT,0.1858194109146539,65,3.158141467382405,0.0500742189720458,0.0076857380828995,-0.0049266517581654,0.043149565233755,0.0693523838476446,1.258603928202043,0.0081907411852826,24.3,44
BRI Melati Pendapatan Utama II,PT,0.1716399464321287,128,3.232538165346507,0.0719367114793463,0.1174289888760579,-0.0386790907401852,0.0553963523840002,0.0925498179427373,2.189687786877861,0.0111151197971037,23.9,45
Sam Dana Pendapatan Tetap,PT,0.1700011792899157,102,1.996510211420242,-0.0017479442678508,0.0058953054887187,-0.00354921661094,0.0289187064566689,0.0519371716834173,1.112229427063271,0.0073747140472408,23.9,46
ITB Harmoni BNI-AM,PT,0.1659558236978085,98,1.575301985615318,0.0478016191834513,0.0054883957330166,-0.0036515530218624,0.0256767783365214,0.0582995507561046,1.75863670988923,0.0086767757322142,23.8,47
Mandiri Investa Dana Obligasi Seri II Kelas A,PT,0.1651678321985414,256,3.314215835367769,0.0948085010078716,0.0111389109368498,-0.0072906946255904,0.0414656886558835,0.0746432408065347,1.477151865399531,0.0112455316014851,23.8,48
BNP Paribas Prima II Kelas RK1,PT,0.159012049591632,222,2.200082231813128,0.0909430697270966,0.0077000649446624,-0.0049282996271054,0.033719828569561,0.0647343186645224,2.401309089527262,0.0094598718173133,23.7,49
Victoria Obligasi Negara Syariah,PT,0.1581164847604167,96,2.077185733092434,0.0371588018648306,0.0083253660285887,-0.0052497484712568,0.0347506194776789,0.0564886012503349,1.380557517173616,0.0058548543779757,23.6,50
Bahana Pendapatan Tetap Syariah Generasi Gemilang,PT,0.1573067050562086,106,4.027935606377183,0.0069354649892998,0.0018252195921939,-0.0012350188633986,0.0230803771685534,0.0516071111881353,1.729271138935,0.0066975392938643,23.6,51
Panin Dana Utama Plus 2,PT,0.1564495405032329,221,2.143001066476466,0.0667293491886071,0.0057370772288194,-0.0037900797069945,0.02864177242012,0.0629666447128936,2.169830439384252,0.0093746102071347,23.6,52
Majoris Obligasi Utama Indonesia,PT,0.1304822133877487,121,1.97727202981245,-0.0114946096666862,0.001703678593455,-0.0014311414621075,0.0178258878853756,0.0522869890843382,0.3068505763310036,0.0103769964224522,23.0,53
UOBAM Inovasi Obligasi Nasional,PT,0.1272650911167414,53,2.948939610690766,-0.0173148304306149,0.0047377010436799,-0.0033358514340837,0.0371420226550605,0.0624234682215123,-0.0743212806238633,0.0134148233230886,23.0,54
PNM Surat Berharga Syariah Negara,PT,0.1261433169897082,58,3.094629804251485,0.0305787154642795,0.0058023480985147,-0.0038466444735694,0.0401700622154366,0.0628181436461459,0.9473811815208416,0.0051301987269284,23.0,55
Danamas Pasti,PT,0.101072156079605,274,3.962322435221786,-0.0095089598068273,0.0022711973642524,-0.0014284916200104,0.0220190133914299,0.0464927708561402,3.747824256453947,0.0017688559792693,22.4,56
BRI Pendapatan Prima Plus,PT,0.0981085102287694,187,1.602156466966489,0.0637618541464375,0.0184499267782805,-0.0482767138827894,0.0397688071399999,0.0783912087607288,2.29874971714552,0.0122131874584174,22.3,57
Danamas Stabil,PT,0.0922650850493738,252,3.962453416391032,-0.0094755899094367,0.0036328269806492,-0.0022309760978416,0.0274926426190766,0.0450617825825203,3.876841545230093,0.0015659400308309,22.2,58
MNC Dana Likuid,PT,0.0915657085186335,229,2.989497898451637,-0.0035129984716839,0.0031432711763785,-0.0021005329404416,0.0201711100508539,0.0405163281680485,3.760955533107616,0.0021666984993998,22.2,59
Mandiri Obligasi Utama 2,PT,0.0775421342557727,110,2.038489732659098,0.0188814944919493,0.008199270296309,-0.0054322254630574,0.0366139860852428,0.0739547882981253,-3.136937232275164,0.0115305929825902,21.9,60
Simas Syariah Pendapatan Tetap,PT,0.0767997867855277,102,1.976908121650359,-0.0116808050393176,0.0023155506619073,-0.0014525204481721,0.0208007729796533,0.0411248390649381,0.990960822626214,0.0016291345007176,21.9,61
Eastspring IDR Fixed Income Fund Kelas A,PT,0.0747786436038775,129,2.312552442701342,0.1351547480308132,0.0076153482225034,-0.0050813104905803,0.0336505742290256,0.070121538884309,1.653051210332642,0.0106468350418671,21.8,62
MNC Dana Syariah,PT,0.0601837727866027,256,3.006584843053732,0.0021901404408876,0.0036561163970197,-0.002365428059186,0.0212782364268708,0.0390710167526195,3.744710945296755,0.0024322528057566,21.5,63
Pinnacle Indonesia Bond Fund,PT,0.0588711247534159,109,2.23748876182267,0.1061407618553626,0.0059510016368345,-0.0042104767215032,0.0259640070705538,0.0671729301998405,0.9130318256761614,0.0096736695488156,21.5,64
Bahana Income Stream,PT,0.0558911297069996,127,4.058189058101493,0.0143386760124761,0.025047922480465,-0.0489143032614491,0.0360115894379999,0.0766071877658582,1.380470880771686,0.0104444106720156,21.4,65
BNI-AM Dana Pendapatan Tetap Syariah Ardhani,PT,0.0452412358270874,112,2.590061555576341,0.0347719749681009,0.0182232939821183,-0.0177107996893975,0.0418398972800002,0.0687319917498834,0.0278149641733913,0.0079224378023774,21.2,66
Batavia Obligasi Negara Indonesia,PT,0.0445673048393668,98,2.385584055204793,0.1616308821160747,0.0091055658402035,-0.0060083761766071,0.0387928914769599,0.0709965514212671,1.741232407317577,0.0116851759588669,21.2,67
Mandiri Obligasi Utama 3,PT,0.0401813780790437,53,5.096464969340667,0.0189278195613983,0.0068040451352391,-0.0043762987970228,0.0302019443118193,0.0633058115713292,1.230825570174799,0.0065228094611043,21.1,68
Trimegah Dana Tetap Syariah Kelas A,PT,0.0313443840282813,72,3.081976764309098,0.0265987613074931,0.0015906805324763,-0.0012552793833946,0.0174785749362556,0.0433702248324134,2.893026631908137,0.0041542043384641,20.9,69
Bahana Provident Fund,PT,0.0151321631469661,149,2.952077824088398,-0.0162333714648599,0.0023351789307474,-0.0014814515464815,0.0181988728360562,0.0417449098883859,1.210167920002614,0.0033591266788325,20.5,70
Prospera Obligasi,PT,0.0036456284834002,248,2.003598797468434,0.001796166714105,0.0017855510315813,-0.0011303464742619,0.0162929669064768,0.0407529365959007,0.268314511562282,0.0032156677506452,20.3,71
Panin Dana Pendapatan Utama,PT,-0.0024497110641213,73,2.21717809097685,0.0979524792621261,0.0039842251363997,-0.0025641596293888,0.0233781508553434,0.0540796984286415,1.066174118145564,0.0048241929983899,20.1,72
Mega Dana Pendapatan Tetap,PT,-0.0187686476523706,152,4.935232031253057,-0.0131235914211916,0.0019197967426498,-0.0012511123632788,0.0193260152927863,0.0446593781304471,5.113610844872806,0.0052745242610266,19.8,73
Trim Dana Tetap 2 Kelas A,PT,-0.0301029067344479,212,3.252601558830466,0.0776613902015389,0.0029891256678949,-0.0018495791779654,0.0218701043787541,0.0461539754311519,2.73092755148693,0.0026284734081102,19.5,74
PNM Dana Surat Berharga Negara II Kelas A,PT,-0.0580719264555223,114,2.841617081961346,0.1202192526677641,0.0049259334846009,-0.003462941838669,0.0239280914800437,0.0604500512455388,1.424330505427138,0.0097783295575325,18.9,75
Bahana Obligasi Kehati Lestari Kelas G,PT,-0.0592930520644269,226,3.302206017079361,0.09151640313061,0.004491111794165,-0.0033018564187071,0.025053122822916,0.0619311532824273,1.410794153185246,0.0120948557949893,18.9,76
Bahana Obligasi Ganesha Kelas G,PT,-0.0647392590347813,261,2.078890755752436,0.0379484855248595,0.0043909028624313,-0.0048090807570536,0.0162736440499999,0.0371119672093949,2.05079942550306,0.0043641418170364,18.8,77
Mandiri Obligasi Optima,PT,-0.0743001314942067,120,2.03930125065114,0.0192719200454523,0.0021334899411466,-0.0016567034850298,0.0152035864649775,0.0387294428313906,1.313271314300531,0.0053469996146036,18.6,78
Sucorinvest Stable Fund,PT,-0.0804813470081761,69,1.482842146926867,-0.0115709235191974,0.0029955015191153,-0.0018660477109046,0.0182942934122156,0.0354762721104242,-0.7854588429706734,0.0024610624025421,18.4,79
Syailendra Fixed Income Fund Kelas A,PT,-0.0812456722275354,169,2.327452588053622,0.1406914107442509,0.0042615733364987,-0.0030165117716735,0.0209085618342905,0.0577038058279257,2.400868386466343,0.0100706884258936,18.4,80
Syailendra Pendapatan Tetap Premium,PT,-0.0822486437223997,105,3.559700834838572,0.0167713068059775,0.0035052013284503,-0.002109065051107,0.0242531325956854,0.0466180226603432,1.126632015239889,0.0053367567783356,18.4,81
Pendapatan Tetap Utama Kelas S,PT,-0.1073224291785225,249,2.974783316655524,-0.0084768134886631,0.0173862917796352,-0.0526984523260092,0.0246897423840002,0.0548899486889453,3.590268805087276,0.0047864988695884,17.9,82
Sequis Bond Optima,PT,-0.1167037509792925,111,2.351157472156908,0.1493551479709109,0.0063161874309785,-0.0041259033010615,0.0275631389186954,0.0626953857361352,0.0270081798374328,0.0100443009934402,17.7,83
Manulife Obligasi Unggulan Kelas I1,PT,-0.1584300258465171,74,1.500547958020442,0.0003651719476966,0.0275847321199375,-0.029733446072642,0.0180997874639998,0.0461427999755172,1.007695564683552,0.0071545789533696,16.7,84
BNI-AM Quality Long Duration Fund,PT,-0.1746229977698865,114,2.675292429765483,0.0655227173729374,0.0123873944142446,-0.0090834128883182,0.033014839208,0.0635762199683669,0.1334485975097521,0.0115445874352442,16.4,85
Insight Infra Development,PT,-0.1770062835939096,117,2.080122579715806,0.0385182010411871,0.03339370422397,-0.0034080849618857,0.0242872678280001,0.0428236062744662,-0.7663680804918949,0.0043100869140133,16.3,86
PNM Dana Sejahtera II,PT,-0.1779441117182444,249,1.609252833664637,0.0678904093745437,0.0241972756661744,-0.0571047914873715,0.0232611817399999,0.0626228018031584,3.082083648407213,0.0100415068930185,16.3,87
Victoria Fixed Income,PT,-0.1810079510602586,38,2.252634160476056,0.1121505501908335,0.0030062931136446,-0.0024026416089012,0.0172358867191355,0.0493892037201728,1.361540297733699,0.0102995271128924,16.2,88
Cipta Bond,PT,-0.1912374752169224,138,2.78860103032277,0.1034931233204648,0.0064404936261382,-0.0047786813574919,0.0234398539016498,0.0516573126850667,0.7797635234265564,0.0096030966045763,16.0,89
BRI Melati Pendapatan Tetap Multi Plus,PT,-0.1973850394702074,115,2.24689172144493,0.1098814504893717,0.0067106659100435,-0.0008180261332217,0.0266925965120001,0.0531902731053162,0.7990204283547393,0.012997854706017,15.9,90
Maybank Dana Obligasi Negara,PT,-0.2014905252971757,62,1.70997443887267,0.1227939050428726,0.0095239474783708,-0.0333010965750597,0.034717207706,0.0659506851081348,0.7801028463081835,0.0112406491190791,15.8,91
Manulife Obligasi Negara Indonesia II Kelas Income 1,PT,-0.2027376019476879,68,2.515118024854707,0.0060108610034634,0.0186595816033085,-0.0508760352115784,0.0320913025999998,0.0650441176444613,0.4278223301336206,0.0128175359822839,15.8,92
Anargya Supergrowth,PT,-0.2143496431775892,48,3.317394220208381,0.0956757621011482,0.0032301746964537,-0.0025417150503337,0.0181144618431645,0.0621227674152022,3.669088917857747,0.0238629442810628,15.5,93
Schroder Dana Mantap Plus II,PT,-0.2222069028398925,228,1.364290269978991,0.083772693021369,0.0254603254401803,-0.0311202786178763,0.031597576415,0.0639034303579966,-3.441568742489579,0.0133878564451829,15.4,94
Mandiri Obligasi Utama Sejahtera,PT,-0.2405949692316206,41,1.9767764295481,-0.0117482028340501,0.0035502798282161,-0.0020388652886119,0.0168058842037131,0.0339709596079682,-2.422797525044172,0.0058071544075813,14.9,95
Manulife Pendapatan Bulanan II,PT,-0.2504758442196662,204,2.47988937285287,-0.0081094855953169,0.0042941603930786,-0.0397438120847717,0.0189053179199998,0.0477989021919487,-0.1616652238736973,0.0052347457905865,14.7,96
Mandiri Investa Dana Utama Kelas A,PT,-0.2566397563125662,221,2.518191234769281,0.0072239290321205,0.0034436633816433,-0.0420252091061563,0.0163846563200003,0.046144831837702,0.4180108050077626,0.0062230211363526,14.6,97
Bahana Obligasi Ganesha Kelas D,PT,-0.2598311276324777,61,2.078890755752436,0.0379484855248595,0.0020887186150119,-0.0450675424874304,0.0162741351279998,0.0471608136804273,0.8683539914273083,0.0046370788218446,14.5,98
Insight Government Fund,PT,-0.2700153285632962,113,3.156756070766891,0.049657327729098,0.0140421568676505,-0.0088604255479571,0.0383232497119998,0.0522476287664959,-0.8494419251706082,0.0103222029148759,14.3,99
BNP Paribas Obligasi Kejora,PT,-0.2923779609776755,54,2.231315524023243,0.1036677787308905,0.0080793890235058,-0.0051780042656442,0.0272307429603739,0.055746465573427,-1.626418408189473,0.0115593514647541,13.8,100
BNI AM Dana Pendapatan Tetap Makara Investasi,PT,-0.2942486327749868,109,1.630273088283027,0.0799087522325649,0.0058833750285822,-0.0461118176871319,0.0183080081039999,0.0513440661247852,0.94220163250724,0.0047174338935148,13.8,101
Bahana Obligasi Ganesha Kelas I,PT,-0.3005658978346258,38,2.078890755752436,0.0379484855248595,0.0045290165521168,-0.0050587641209739,0.019713907736,0.0398021643294503,-1.951940567845126,0.0048638547932684,13.6,102
Tram Strategic Plus Kelas A,PT,-0.3008731861203409,171,3.558465846297185,0.1569400608069079,0.0052935023058423,-0.0036783242618802,0.0214772042367443,0.0560238675404496,0.9085251249776812,0.010206518404066,13.6,103
Avrist Ada Obligasi Berlian,PT,-0.3046365995325663,72,2.065502755025753,0.0317127415426453,0.0225990289358516,-0.0350499869885252,0.0295727321600001,0.0542104591192256,-0.3236642523636806,0.0106314858641006,13.6,104
Ashmore Dana Obligasi Nusantara Kelas A,PT,-0.317370300014391,152,1.709339798734061,0.122468217781566,0.0353402554121753,-0.0673618506441516,0.0436920464600001,0.0716387796496502,2.146912891697691,0.0135051124946097,13.3,105
Eastspring Investments Yield Discovery Kelas A,PT,-0.3218052392474942,151,2.158712079716881,0.0735216526595321,0.0087154179749352,-0.0326559077171279,0.0200047223450003,0.0511157865023823,-0.2307375240109269,0.0068614236803038,13.2,106
Trimegah Fixed Income Plan,PT,-0.3251697797517029,78,3.111540384184588,0.0358473201092063,0.0162985410551377,-0.0413326672642272,0.0200240859159999,0.0445943678990505,1.413750184542986,0.0025839231277572,13.1,107
Insight Scholarship Fund,PT,-0.330134899574924,145,1.141233443937447,0.036130595503041,0.0048951213656839,-0.0053577128862086,0.0245934020239999,0.0303761830783897,-1.405356439905393,0.0071361203945641,13.0,108
Avrist Dana Obligasi Sejahtera,PT,-0.3322878913722591,91,1.972598694260643,-0.0138909682030523,0.0068127889131278,-0.055777921464754,0.0165807913030002,0.0436522733648401,0.6594821147205134,0.005036615616961,12.9,109
Avrist Sukuk Income Fund,PT,-0.3334164654023457,111,2.080727935219557,0.0387979292501973,0.0113489657180355,-0.0159260827557704,0.0330842612419999,0.0471931987442866,-2.344992769183272,0.0061937119931401,12.9,110
Bahana Mes Syariah Fund Kelas G,PT,-0.3338530265912173,109,4.148630136073125,0.0358263164461826,0.004746749580115,-0.0036278978464977,0.0238266492672043,0.0508193769777551,-0.6492292789988707,0.0067328454030542,12.9,111
Simas Pendapatan Optima,PT,-0.339909837016474,38,3.971022641839145,-0.0072972029561218,0.0027036951096206,-0.0526560673301079,0.0189152403380001,0.0459461385799433,1.158418538238098,0.0017242714725677,12.8,112
Eastspring Investments IDR High Grade Kelas A,PT,-0.3443625438442435,156,2.398172899811365,0.1660317735400497,0.0095168209173364,-0.0243337365442363,0.0237645148159999,0.0593770578306971,0.5101771661906433,0.0100749543133392,12.7,113
Sucorinvest Monthly Income Fund,PT,-0.3483391370873047,49,2.005795480034227,0.0028893673816275,0.0037840422620467,-0.0463869598566611,0.0168936423800001,0.0348951368403358,1.652293028747756,0.0035566738072851,12.6,114
Maybank Dana Pasti 2,PT,-0.3831097833209191,213,1.632597994928731,0.081219011257281,0.0101897959795577,-0.0360788678929512,0.017293503884,0.0396282936325231,0.2707327192615331,0.0045159289314919,11.8,115
Schroder Dana Andalan II,PT,-0.3862835919367464,207,1.246067598738768,-0.0031558490608473,0.0021665116981447,-0.0348090399150439,0.0126526325759999,0.0289410578170645,-0.8247868305241658,0.0020751974470985,11.8,116
Batavia Dana Obligasi Ultima,PT,-0.3976631386087382,228,2.134992755118564,0.0632286712893631,0.0030564218893009,-0.0354278055033498,0.0168868774999999,0.0431369882856644,-0.1057037230995105,0.0066457909140309,11.5,117
Manulife Obligasi Unggulan Kelas A,PT,-0.4037155851261452,268,2.000730610693923,0.0003651719476966,0.0103362752021844,-0.0613798448295042,0.0167849188640001,0.0432394238991638,1.047244585026759,0.0071437546261563,11.4,118
Panin Dana Pendapatan Berkala,PT,-0.4232392205847907,118,2.208968887708546,0.0946001950825654,0.0054916258605815,-0.0614861307113544,0.0247923160640002,0.0561497459499871,0.690675205348277,0.0066939821351268,11.0,119
Bahana Pendapatan Tetap Abadi 2,PT,-0.4413384322568868,264,2.330582991244915,0.1418456208110954,0.0184282551768071,-0.053571830363178,0.0213330136679998,0.0564412220320726,4.180454921530306,0.0115854708545071,10.6,120
PNM Dana Surat Berharga Negara,PT,-0.4753628588527298,116,3.350565006272143,0.1046286240129342,0.0280772377268839,-0.0546543092103291,0.022440411392,0.061029921785864,3.213226963101292,0.0126090782768946,9.8,121
Bahana Apex Fixed Income Fund,PT,-0.4840151241498142,51,4.730888952403303,0.1544929419727786,0.0062521234060704,-0.0044522662205903,0.0282821517891429,0.0564968690459075,-2.065997501145173,0.0134005653292261,9.6,122
Ashmore Dana Obligasi Unggulan Nusantara Kelas A,PT,-0.5495933495226138,97,1.609575995048057,0.0680775529612602,0.0086904494620246,-0.0417013454015659,0.01483743004,0.0371758082858058,-0.3500731555737897,0.0069439570622621,8.2,123
Sequis Pendapatan Mantap,PT,-0.5572432317979858,85,5.463849291051576,0.08489423231553,0.0007377217529526,-0.0005930637076909,0.008672889834818,0.0392836001568497,0.3767454344623862,0.0047298308070682,8.0,124
Avrist Prime Income Fund,PT,-0.586796762502109,133,2.061961769246833,0.0300499117738084,0.0068716714014941,-0.0117913755449687,0.0125322691639999,0.0245162785252444,-2.216040223747263,0.0055662454242528,7.4,125
BRI Melati Pendapatan Tetap Utama,PT,-0.5900727377716646,101,1.032739196194834,0.0317013204451447,0.0023731638063614,0.0014238406327123,0.0045170982161972,0.0166367804560971,-4.51583708644324,0.0047120708365063,7.3,126
BRI Melati Obligasi Negara Indonesia,PT,-0.5947100787880976,99,1.04921850064485,0.046909676692319,0.0013184104683785,0.0008027551848684,0.0067450405880671,0.0284304385968956,-3.446385773497069,0.0092112046835913,7.2,127
Mandiri Obligasi Andalan,PT,-0.5951736212428885,50,1.529996741029772,0.0196057548525122,0.0010093105164169,0.0005910157262877,0.0070401954730421,0.0271134802078862,-4.109673294622074,0.0086377422351349,7.2,128
BNP Paribas Obligasi Cemerlang,PT,-0.6010767491293694,89,3.427308841574178,0.1246776585730491,0.0048240064498011,-0.0034288353411226,0.0213780481545762,0.0452040765916941,-3.007029688358923,0.0099230151325408,7.1,129
Bahana Mes Syariah Fund Kelas D,PT,-0.6299429531021262,43,4.148630136073125,0.0358263164461826,0.0045790766924434,-0.0035351405112483,0.0235332582832201,0.0517143811549043,-2.646274779986206,0.0115943131331084,6.5,130
Panin Dana Obligasi Bersama,PT,-0.6663465959723389,87,1.027426493160042,0.026694360465328,0.013886024544433,0.0207499644723086,0.00459886592,0.0186174021517999,-6.883197121697475,0.0068666684003696,5.7,131
Bahana Pendapatan Tetap Utama,PT,-0.6677103661225928,64,4.240962839911858,0.0568179559707875,0.0059070538869662,-0.0041826313107067,0.0221431506014133,0.0430116372070836,-4.158183917338217,0.0090109038084114,5.6,132
Principal Prime Income Fund 4,PT,-0.7433159531664446,100,1.504605305654712,0.0030608064702444,0.0068975172180488,-0.0045312751662927,0.0260043586863223,0.0273660274181879,-11.06621236427994,0.0123792419116496,4.0,133
Bahana Regular Income Fund,PT,-0.8151419297937424,120,4.020015072603142,0.004978855114138,0.0080367671789961,0.0138919050254332,0.0065099789359999,0.0172127965795898,-5.763729349105995,0.0051857466438275,2.4,134
PNM Optima Bulanan,PT,-0.8515601387919346,35,3.044137560843422,0.0144992004997281,0.00119471031919,-0.0013833373493962,0.0050063323759999,0.0077221314257183,-3.760492940990728,0.0015954175449885,1.6,135
BNP Paribas Obligasi Berlian,PT,-0.8704044906294441,89,2.210816347389633,0.0953567887439176,0.0043481159456542,-0.0027749378323952,0.0146483868165323,0.0246548671514494,-4.298540487456926,0.0105927852387128,1.2,136
Bahana Pendapatan Tetap Regular,PT,-0.8883800393705308,101,4.289363931480269,0.0674608021381874,0.0084288769794953,0.0132636690326573,0.0082958430319999,0.0274630021088317,-4.729502443779105,0.0090988029039931,0.8,137
PNM SBN 90,PT,-0.9256377171997816,107,3.257137790111725,0.0789459355672223,0.0057437523222196,-0.0025347306630237,0.0043931131700001,0.0296649788683844,-3.909254469914748,0.0121433914549672,0.0,138
Insight Money,PU,0.6807162402697379,124,1.459791133828828,-0.027544259750167,0.002299672058659,-0.001442626228563,0.0148256522276069,0.0307638559770175,1.223871981726627,0.0005375048076566,100.0,1
Insight Money Syariah,PU,0.6453013937370637,123,1.541130426758129,0.0266884788230736,0.0023319745079706,-0.0014573441328703,0.0152437678301036,0.0316151609602379,0.8858947539928811,0.0005877127976653,98.0,2
Cipta Dana Cash,PU,0.5893031572393952,127,1.079949743144008,0.0740309849153298,0.0023695860536377,-0.0014322244261032,0.0148812060178988,0.0317936907591474,0.5661584681399309,0.0008109185204602,94.8,3
SAM Dana Kas,PU,0.5049629918451987,106,1.497527894647444,-0.0016507908543085,0.0023656302528454,-0.0014638369096273,0.0148720768599675,0.0316496766819285,-0.4569122659243,0.0010484762488699,90.0,4
Mega Dana Kas,PU,0.3904069229558605,233,0.9797477846289364,-0.0206708457919443,0.0021084585475582,-0.0013232605197715,0.0123495363969494,0.0275282566520176,0.7274009893247735,0.0007918141130862,83.5,5
Pinnacle Money Market Fund,PU,0.3857176430664895,111,1.692335011477537,0.1136506721028091,0.0022684466103937,-0.0013975921519005,0.0149195518276086,0.0302410083923123,0.5777029563048769,0.0005085655355686,83.2,6
Manulife Indonesia Money Market Fund Kelas A,PU,0.3810887472135803,213,1.490989598627116,-0.0060432355672908,0.0020725055807248,-0.0012819677620918,0.0134155320989153,0.0281085472435245,0.2224855954001923,0.0006265055238611,83.0,7
KISI Money Market Fund,PU,0.3686670835649569,72,0.4964985126294734,-0.0070523622557953,0.0020393865852279,-0.0012585885621699,0.0132813598235579,0.0270355374443098,0.2995173655832639,0.0004308290595716,82.3,8
Majoris Pasar Uang Indonesia,PU,0.3633428177474895,116,0.9711961769075576,-0.0296580894543453,0.0020723995945405,-0.0013089197300684,0.0134710268955802,0.0273228663733795,-0.0539801474968449,0.0004056189186204,82.0,9
Prospera Dana Lancar,PU,0.3290426259963313,112,1.035960230559168,0.0347119797637004,0.0019377060238994,-0.0011352895914207,0.0140030101158381,0.0289296109713805,-0.3532436686720961,0.0010707679587233,80.0,10
MNC Dana Lancar,PU,0.3137217378346674,257,2.696802079161964,0.0729760929371283,0.0022829479901706,-0.0014066605479242,0.0147266987094618,0.0295318562559112,0.3408108453515668,0.0005001140909515,79.1,11
BRI Seruni Pasar Uang III,PU,0.3031969251099619,191,1.528734888716826,0.0187965152943851,0.0022567311025603,-0.0013256103004427,0.0139472976971224,0.0276726978414318,-0.044317609512685,0.0006991650683902,78.5,12
Avrist Ada Kas Mutiara,PU,0.264567853202856,104,1.128925674363905,0.114202092566057,0.0022416181197937,-0.0013072597590323,0.0144348948517805,0.028901797113902,0.291374802778145,0.0006883397393913,76.3,13
Syailendra Dana Kas,PU,0.2507283158278598,126,1.054224519150383,0.0514354562670234,0.0020691325599726,-0.001270624088401,0.0138099750109999,0.0283673531531742,-0.2294167182258647,0.0005639072112122,75.5,14
PNM Dana Tunai,PU,0.2384912803885337,130,1.161862702546013,0.1393131066100325,0.0021757554771643,-0.0013537561657085,0.0137747505182246,0.0272184929019623,0.5096984845581749,0.0009485895640956,74.9,15
Demina Money Market Fund,PU,0.2312777516315201,100,3.236488801319075,0.0730695564967476,0.0022451587331633,-0.0013640773665431,0.015087934959405,0.0290080120649605,0.470349898018679,0.0008017358959316,74.4,16
Purwanto Likuid Plus,PU,0.2101195106390208,46,1.034161905719925,0.0330334211026105,0.0022368182240515,-0.0013880419249444,0.0141956472243622,0.0277218165128863,-0.6154477458235954,0.0008838723939178,73.2,17
Majoris Pasar Uang Syariah Indonesia,PU,0.2074728403397273,95,1.006588411107496,0.0065452880589467,0.001920545570666,-0.0012053792030376,0.0126358188861319,0.0264036786661281,-0.0188014811205269,0.0004545156570897,73.1,18
STAR Money Market Kelas Utama,PU,0.1992585128900557,98,1.507760415332141,0.0051469817440666,0.0018476256507786,-0.0011619403545895,0.0122576120793727,0.0262092796481683,0.2226564499196367,0.0005821638637752,72.6,19
PNM PUAS,PU,0.1847475581036387,258,1.309282822387926,0.045278851424785,0.0023955665338568,-0.0014966558675021,0.0137897052407383,0.0250913387888405,-1.012574110860795,0.0011615373556504,71.8,20
Capital Money Market Fund,PU,0.1731790347683634,120,2.269441291666358,0.1187258258919394,0.0020484142555105,-0.0013088993908754,0.0134205465435892,0.0284593057729152,1.017533545399557,0.0004745393723106,71.1,21
Capital Sharia Money Market,PU,0.1574907670348736,96,2.144806195876093,0.0675148160959798,0.0020714342064628,-0.0013464379700038,0.0129898086825412,0.0274562937912148,0.2655885033046905,0.0005097297042831,70.2,22
Syailendra Sharia Money Market Fund,PU,0.1510249574897457,98,1.147365452895381,0.1284381123063305,0.0020478363026981,-0.0012861736364676,0.0132792996652177,0.0284970738432075,-0.0030498301505161,0.0005791625227669,69.9,23
BRI Seruni Pasar Uang Syariah,PU,0.1291785036375361,89,1.073289004145195,0.0682845010636861,0.0018036916828437,-0.0011303711251055,0.0126045239905252,0.027543404637125,0.1826098515448453,0.0008771275246191,68.6,24
Sucorinvest Money Market Fund,PU,0.1202829469494233,134,3.677246668329648,0.0482009188712272,0.0020723255162195,-0.0012906830487113,0.0130382428538222,0.0277736973349536,-0.4064786868401342,0.0010972056180379,68.1,25
Danamas Rupiah Plus,PU,0.1160550993490897,236,1.001437033360483,0.0014349712589129,0.0018151122399304,-0.0011425949798467,0.0121467524131413,0.0256730751291602,-0.5120798649917391,0.0004300149083794,67.9,26
Premier Pasar Uang II,PU,0.1040970758927285,116,1.09691576627858,0.0883529704449215,0.0020071053227454,-0.0012121028094518,0.0129999288139548,0.0265243313611904,-0.1766577746403317,0.0004899691041442,67.2,27
HPAM Ultima Money Market,PU,0.082458115943984,124,2.307368994873186,0.1332118943940647,0.0021428590208459,-0.0012985258195354,0.0150776411192652,0.0283827583049294,0.0047432811564248,0.00063784727236,66.0,28
BRI Gamasteps Pasar Uang,PU,0.073012375612574,37,1.084100291086016,0.0775761170599516,0.0019348920479133,-0.0012071197260217,0.0129716537281525,0.0266786990902905,-0.3026758233275247,0.0015884124059665,65.4,29
Trimegah Kas Syariah,PU,0.0624630242927185,108,2.074336531472877,0.0358362928796774,0.0019554903301287,-0.0012238299573633,0.0127185197576109,0.0264118500328696,-0.0384253218528773,0.0004717821901265,64.8,30
BNI-AM Dana Likuid Kelas A,PU,0.0553438925326913,156,1.66954571536944,0.1015520053201552,0.0020186283232533,-0.001189802488664,0.013024127263886,0.0278392598378312,-0.8798487778891904,0.0007043208932261,64.4,31
Panin Dana Likuid,PU,0.0359742998038431,162,0.3565764274337844,0.158665641026679,0.0019634835140241,-0.0011792095316713,0.0127497959564786,0.0271212490714543,-0.8362145301732881,0.0008336578587147,63.3,32
Manulife Dana Kas II Kelas A,PU,0.0316227580494795,204,2.002866813965019,0.0014313552678741,0.0018883029295259,-0.0011363324931836,0.0122990506711104,0.0255231500166661,-0.7660578628220205,0.0006468640119839,63.1,33
Ashmore Dana Pasar Uang Nusantara,PU,0.030754539062803,111,1.070741478243507,0.0660677480801007,0.0016501709135219,-0.0010289908492464,0.0114483459062888,0.0276207243124979,-0.5498562844762439,0.0009199494792891,63.0,34
Trim Kas 2 Kelas A,PU,0.0239827888433035,214,2.175140935230265,0.0805193504446293,0.0019556825234122,-0.0012253611683049,0.0126681058706255,0.0261196297026855,-0.0927427429090473,0.0005063172001254,62.7,35
Sequis Liquid Prima II,PU,0.0088748008370736,43,1.690848047983278,0.1128711998756527,0.0020393457059513,-0.0012858492162658,0.0130977663852034,0.0269362936153387,0.243131938937564,0.0003892934370866,61.8,36
Manulife Dana Kas II Kelas I3,PU,-0.0080713750278484,52,2.002866813965019,0.0014313552678741,0.0018867690941582,-0.0011342437452712,0.0122930026050389,0.0254761905948708,-0.4823014124974704,0.0006495726116284,60.8,37
PNM Falah 2,PU,-0.0138274191145255,75,1.107861010093077,0.0973596950433477,0.0014836404211397,-0.000946128534457,0.0106200172595767,0.0232481876030048,0.2974354444674498,0.0017195558126612,60.5,38
Sucorinvest Sharia Money Market Fund,PU,-0.0459035293273411,86,1.612076649387079,0.0695231516626032,0.0018590540820678,-0.0012082074545369,0.0120873399598353,0.024957389555823,-0.4257346460560479,0.000852056067907,58.7,39
Bahana Revolving Fund,PU,-0.050252369787984,143,3.215719888581506,0.067082922659866,0.0019558463646396,-0.0012278431866787,0.012847582566621,0.0269194684122537,-0.1586997186592436,0.000732969400496,58.4,40
BNI AM Dana Pasar Uang Kemilau Kelas A,PU,-0.1092103463985724,129,1.416088630055585,0.117286889062209,0.0017457293084615,-0.0010610349859356,0.0114605032233159,0.0265590687904298,-0.9648565282806628,0.0011038185621985,55.1,41
PNM Arafah,PU,-0.1218087151221592,84,1.123636295580712,0.1100323085565827,0.0017070450198226,-0.0010923821499652,0.0113173842521774,0.0245691880317695,-0.431817840355936,0.0014376738012254,54.4,42
Panin Dana Likuid Syariah,PU,-0.1469090729816758,95,0.5098705800585039,0.0193589911725665,0.0018610455386667,-0.0011535170594884,0.0117244683243233,0.0235822995872729,-0.965452515206182,0.0005108531519498,52.9,43
Mandiri Pasar Uang Optima 2,PU,-0.1691150152044344,95,1.542381608083078,0.0274780299900954,0.001345727511126,-0.0008551840452745,0.0096928872412784,0.024063562784274,-0.1580051929143275,0.0005230278536696,51.7,44
Bahana Cash Management,PU,-0.1701471757802704,94,4.231831429880914,0.0547827657415545,0.0018804490061887,-0.0011846393195006,0.0125177634635302,0.0254700141694594,0.2377759672611587,0.0007492246971539,51.6,45
Bahana Likuid Syariah Kelas S,PU,-0.1780029993961272,131,3.416674845535105,0.121953321393639,0.0021109414064426,-0.0013171529380706,0.0131048222993308,0.0263649278255364,0.0101676302775708,0.0005314533913174,51.2,46
BRI Seruni Pasar Uang II Kelas A,PU,-0.1780656579487888,216,1.663311079761182,0.0981843274828844,0.0019960019049697,-0.0011738198011771,0.0123716097088162,0.0247217696060584,-0.8114706269570093,0.0006037594101931,51.2,47
Valbury Money Market I,PU,-0.1792544019703503,101,1.108381464865547,0.097783541408006,0.0017769029852852,-0.001077841110221,0.0117607458945334,0.0242166093803959,-0.3252217102397471,0.0005629300641668,51.1,48
Manulife Dana Kas Syariah,PU,-0.2062000115965059,87,1.956948130703503,-0.0219994943253914,0.0017595769549227,-0.0010701570503258,0.0115289720710962,0.023076747073667,-0.9851542852380036,0.0007062366857854,49.6,49
BNIAM Dana Lancar Syariah,PU,-0.2146898652858922,150,0.9894844983437536,-0.0106272525480164,0.0015113264554467,-0.0009220322135169,0.0103856727879849,0.0225444884392873,-1.20052153897798,0.0008072720416355,49.1,50
Schroder Dana Likuid,PU,-0.2393454333620663,260,1.069966246423686,0.0653910781368526,0.0017413680013048,-0.0010876310861811,0.0109476259738534,0.0238430863784939,-1.380808145781004,0.0009047102574857,47.7,51
Maybank Dana Pasar Uang,PU,-0.2431827547762356,172,1.154378421833053,0.1337329413936148,0.0017866196539519,-0.0010914222926636,0.0114494152877808,0.0241044145119846,-0.5629493567905512,0.0005301290072102,47.5,52
Batavia Dana Kas Maxima,PU,-0.2578243629314856,228,2.189895951856852,0.0867146001598096,0.0017978417603981,-0.0011234393331166,0.0120237787423846,0.0241707330898113,-0.9927858252200938,0.0004866477842064,46.6,53
Bahana Gebyar Dana Likuid,PU,-0.2587704218874902,39,1.680561601512307,0.1074412275930994,0.0020505395305653,-0.0012922516906613,0.0128425769766562,0.024593983948048,-0.6102386385886451,0.0006183164007436,46.6,54
Principal Cash Fund,PU,-0.2590414898789822,169,1.14012385820414,0.1229023120565646,0.001731003715874,-0.0010878151136368,0.0114887097238622,0.0247593075359791,-1.063273794709109,0.0008556824339541,46.6,55
Bahana Likuid Syariah Kelas G,PU,-0.2926186692416213,68,4.555566460713472,0.121953321393639,0.0021053452798117,-0.0013116899677561,0.0130685078477528,0.0262985028365789,-0.128369767007289,0.0005758303569628,44.7,56
Allianz Rupiah Liquid Fund Kelas A,PU,-0.2936204047980728,175,1.587511424484546,0.0551249100540871,0.00161531294748,-0.0010171520755052,0.0105508824112958,0.0233994916088438,-1.427974349655746,0.0008152033732036,44.6,57
BRI Gebyar Dana Likuid,PU,-0.2940422933131315,238,1.515463146449096,0.0102035780185933,0.0017276512594677,-0.0010483801585432,0.0109507207417762,0.0221170824878034,-1.416365182886583,0.0005013181949018,44.6,58
Bahana Dana Likuid Kelas G,PU,-0.300092513173117,262,2.295867658250733,0.1288696485563808,0.0018310682060185,-0.0011299813251593,0.0122032479293627,0.0250677378780774,-0.9176307786473556,0.0005709372654776,44.2,59
UOBAM ESG Pasar Uang Indonesia,PU,-0.3125160206800037,61,1.166500266417401,0.142734872173465,0.0017746400496868,-0.001051109932856,0.0117607206134999,0.0248543273213255,-0.7412404827094445,0.0010901051747714,43.5,60
PNM Dana Kas Platinum 2,PU,-0.3198285093987401,66,1.051386833391547,0.0488752871536198,0.0017549588825187,-0.0011009370760002,0.0114514043053675,0.0195086018998402,-0.1975454887500456,0.0010349301134291,43.1,61
Mandiri Investa Pasar Uang Kelas A,PU,-0.3302453591527263,257,1.566398911367912,0.0423895285460373,0.0016482699477532,-0.0010323997125288,0.0104491822975874,0.022374424696697,-1.321169988748365,0.0004966275495941,42.5,62
Sequis Liquid Prima,PU,-0.3533708071613285,111,1.651998277442623,0.0920087384582045,0.0016590029460746,-0.0010304263034202,0.0110030004243748,0.0228788697713897,-0.6329742105330799,0.0005028498182186,41.2,63
UOBAM Dana Rupiah,PU,-0.362191912565704,56,2.634093875670223,0.1458163200704051,0.0017643511459377,-0.00112354424121,0.0125103666121491,0.0258271055587213,-0.5714574643200743,0.001159185526874,40.7,64
Eastspring Syariah Money Market Khazanah Kelas B,PU,-0.3759524724306923,72,0.7492977579618871,-0.0009372002393587,0.0014407779644219,-0.0009250572800364,0.0098832549750154,0.0219198622842111,-0.8870331614497282,0.000987181221603,39.9,65
Bahana Likuid Plus,PU,-0.3809227029829733,100,4.769791705390871,0.1613889563606821,0.002000440202129,-0.001249762589417,0.0130220907063005,0.026464143227963,0.0175373559795226,0.0005251403281844,39.6,66
Maybank Syariah Money Market Fund 2,PU,-0.4262619840581495,110,1.112466535663852,0.1010965562184204,0.0015928728132923,-0.0009939858189993,0.010356470324603,0.0223306176682396,-1.050431644545488,0.0004594051044557,37.1,67
Mandiri Pasar Uang Syariah Kelas A,PU,-0.4491749661964149,98,1.527937977019516,0.0182847585698557,0.0013374346243392,-0.0008393730168292,0.0093045838116525,0.0211533268740795,-0.9217623050623786,0.000448678033536,35.8,68
Simpan Cash Fund,PU,-0.4581444664061574,36,2.248753924502297,0.1106185615917724,0.0016271440724615,-0.0010325134662549,0.0104944973329421,0.0231751552460535,-0.6298679573033706,0.0006509499157824,35.2,69
BNP Paribas Rupiah Plus,PU,-0.7115764756947686,268,2.123457239866825,0.0581397343676052,0.0013166265712305,-0.0008242276383856,0.0090219430004703,0.0195267111523345,-3.300577443063441,0.0006059668307754,20.8,70
Jarvis Money Market Fund,PU,-0.8147725412498245,81,1.061852963096261,0.0582500263651421,0.001306616308108,-0.000822507808413,0.0086558062750743,0.01799534130497,-1.644536699801167,0.0009103642751624,15.0,71
Phillip Money Market Fund,PU,-0.927852078844156,186,1.138927997399617,0.121981369952109,0.0013187784689737,-0.0008383806168235,0.0082918108789045,0.0177455609423007,-1.774673143108933,0.0003060521223375,8.5,72
Batavia Dana Likuid,PU,-1.077909392630315,144,2.111346079248987,0.0527370099782946,0.0010084652963979,-0.0006307506451059,0.0067721727848535,0.0160515147338311,-1.969555281155246,0.0004952271628829,0.0,73
STAR Balanced,CP,1.23367159057372,251,1.49318937595041,-0.0045611254401371,0.0046248085471015,0.0035035616796084,0.0100272560971734,0.2038994705147248,36.90704790018473,0.0413088007727762,100.0,1
Sucorinvest Anak Pintar,CP,1.05271279343155,106,3.159341100524035,0.0504349152098853,0.0246689744815121,-0.0106641560389501,0.1991793881304467,0.2624364706880671,19.58785709074563,0.0321444966383938,93.0,2
Syailendra Balanced Opportunity Fund Kelas A,CP,0.9602516612072226,213,5.204533510710612,0.0392991053453099,0.0118935688326777,-0.0065007338865383,0.1996394224101548,0.2698569912399922,17.55769689837533,0.0346366959343241,89.4,3
Sucorinvest Citra Dana Berimbang,CP,0.935711667625271,100,2.993459474858842,-0.0021849385956583,0.0246397864871788,-0.0118568473562458,0.1859741719267014,0.2916223734272114,9.34869304638535,0.0352115944464815,88.5,4
Jarvis Balanced Fund,CP,0.827804663601588,78,3.126262430727066,0.0403876621124546,0.0205142481653851,-0.0134990302578338,0.2593579701014517,0.3389755189481822,2.899842563268515,0.0388539833584849,84.3,5
Mandiri Investa Syariah Berimbang,CP,0.7203052214762409,256,2.468849320635019,-0.0126174890887906,0.0049129297849983,0.0029093535904134,0.0771413785616308,0.160742115164684,10.53434414224779,0.0140334766583564,80.1,6
HPAM Flexi Indonesia Sehat Kelas A,CP,0.6490194701235614,174,5.501274235189076,0.0911196595113655,0.0164071255165652,-0.0057763411222136,0.1289633664289989,0.2278792822406486,19.30305516531733,0.0392977865131729,77.4,7
Schroder Syariah Balanced Fund,CP,0.5028954977458566,201,1.510288468537864,0.0068122539185012,0.0119865577616187,-0.0067916640342118,0.101890395581915,0.1524841128126522,2.035885653885763,0.0178838144307319,71.7,8
Guru,CP,0.46501850792693,231,2.199378574560565,0.0906522309831997,0.0676062575082478,-0.1389272228292529,0.1184345626559999,0.3173926190187704,12.20748574606598,0.0218088599659833,70.3,9
Trim Syariah Berimbang,CP,0.3464843208237637,229,3.031380866053711,0.0103520037370174,0.0156023722322774,0.0095120629105366,0.0510012641697974,0.1462915653273129,8.112650293790896,0.0429316976437157,65.7,10
Demina Balance Fund,CP,0.3210505070472107,156,3.45184629377322,-0.0139501304891949,0.0056392618553078,-0.0043359551586112,0.0540013829695078,0.098830409230477,9.737448085890769,0.0311811927414231,64.7,11
Prospera Balance,CP,0.3137582482591029,248,2.17671605482896,0.0811847068600991,0.01587454230683,-0.0105750532950578,0.1174565377591497,0.1790090333879057,1.809883837720427,0.0258949333161914,64.4,12
Mega Asset Strategic Total Return,CP,0.3086889244318181,160,4.033725298970316,0.008360831854099,0.0257954536861323,-0.0116938099385026,0.1117225844672305,0.1662570136012842,0.3590390910230264,0.0235703177872691,64.2,13
Trim Kombinasi 2,CP,0.1671041255862491,232,3.07190599063818,0.0234076143141483,0.0263115699701629,0.0145945660407103,0.0278824504705537,0.1402177130325442,3.202130296485806,0.0400959653591943,58.7,14
Trimegah Balanced Absolute Strategy Kelas A,CP,0.1615165919905293,79,4.096248813598182,0.0234968181812267,0.0263580390773792,0.0149632988791016,0.0384529289032948,0.1458380386708904,4.481286663055537,0.041264497535152,58.5,15
STAR Balanced III,CP,0.1516456291439292,40,2.956032100048051,-0.0148739588961955,0.0224363513733934,0.0143736970196939,-0.0055586428725844,0.0760033738505931,5.662742852558292,0.0244805401902966,58.2,16
Insight Bright (I-BRIGHT),CP,0.04703965141268,114,1.991367155288118,-0.0043351346279653,0.0038287506869336,-0.0002142216121701,0.0109988256591737,0.0731395784974242,-0.0358916857171492,0.0192726065678889,54.1,17
Prospera Value Fund,CP,0.0448325165701149,117,3.291651723009377,0.0886034573374413,0.0237347991887054,-0.0126625149892738,0.0917587772029824,0.1370552840451058,4.95164631246489,0.0310966053815708,54.0,18
Sucorinvest Premium Fund Kelas A,CP,0.0288140158460251,143,3.403748935586061,-0.0282779565224796,0.0032387585056513,-0.0020139628056718,0.0217169395135776,0.0423102440379752,0.7835010801054922,0.0026493449373053,53.4,19
Insight Bhinneka Balanced Fund,CP,-0.0184445026651218,94,2.041807869721348,0.0204759078174451,0.0133420310952856,0.0005743215151535,0.0419961101679999,0.0616453907979182,-1.136262825067684,0.013347303098379,51.6,20
Insight Growth Balanced Fund,CP,-0.021154071659871,98,2.042715217094754,0.0209109996035111,0.0071478588095244,-0.0043132226719499,0.0271002544518554,0.0460782651878239,0.8188137274007925,0.005599147401295,51.5,21
Danamas Fleksi,CP,-0.0282518256154439,251,4.866775298693436,-0.0273743275844953,0.002235259739843,-0.0013929552525212,0.0142027133126176,0.0490913545888451,1.01272429684641,0.0024734015964139,51.2,22
Insight Generate Balanced Fund,CP,-0.0467061249416643,103,1.566087657743546,0.042199207315615,0.0124413063749419,-0.007436519413681,0.0459947454128257,0.0571221467131144,-0.0257414097709346,0.0131170055234259,50.5,23
Pinnacle Balanced Growth Fund,CP,-0.0503890036479309,92,3.50820183796211,0.0023379036728612,0.0042678852522486,-0.0030175389635528,0.0294612348948042,0.0691656983818931,-3.54215996026676,0.0119035666458445,50.3,24
Insight Community Development 2,CP,-0.0532595729939775,123,2.030685059530061,0.0151106935002327,0.0091555551672628,0.0039142095654908,0.0258162355840001,0.0393616318113398,-1.149829945974143,0.0098533384077569,50.2,25
Insight Community Development,CP,-0.0591054790326134,143,0.8876894148271515,0.0424578847033906,0.0150301973824772,-0.0105228704834271,0.0414708259799998,0.0550132317666782,-1.248360730397471,0.0108121576925354,50.0,26
Insight Green (I-GREEN),CP,-0.064591308039574,118,1.805307381995721,0.030635991713821,0.0166025067493508,0.0006209222887968,0.048929752325,0.0536526717940824,-1.328075605039555,0.0133723369993953,49.8,27
Tram Alpha,CP,-0.0706077661717231,152,3.124373646380165,0.0398075455937422,0.0118598263687158,-0.0076880777829859,0.0672324749167345,0.0851694438215409,0.0038841011666212,0.0179851656425422,49.6,28
Sucorinvest Sharia Balanced Fund,CP,-0.0730599652110325,78,4.013025959274212,0.0032459195147014,0.0040625049107873,-0.0025314032346415,0.0263407433949578,0.0489205330042756,0.7806664961694574,0.0048226247943565,49.5,29
Insight Tunas Bangsa (I-Next G),CP,-0.0890687954849487,138,1.646162642474296,0.0280425768895536,0.0239402813182302,-0.0278182124559644,0.052173677582,0.0693828784659564,0.0104775845840256,0.0093456466395381,48.8,30
Schroder Dana Terpadu II,CP,-0.1168739477900021,237,1.595598897123202,0.059914115819184,0.0211676933128188,-0.0125124798504708,0.0978731272721762,0.0922215586160879,-5.009127449264413,0.0214077838438999,47.8,31
Mega Dana Kombinasi,CP,-0.1204101796960465,295,3.139043238305743,0.0442947827570511,0.0166953061158063,-0.0066766212873365,0.0398038824192525,0.0635760852965896,-1.080228946154997,0.0191166690051893,47.6,32
Sucorinvest Flexi Fund,CP,-0.1239278067847469,230,2.981397848885068,-0.0062394058283393,0.0198164461666941,-0.0109837881976656,0.1803963049148627,0.1854612572267229,-24.6418325332765,0.0280459962135191,47.5,33
Panin Dana Bersama,CP,-0.1316799437557246,203,0.7444560090368787,-0.0074470363538253,0.0081263032408111,-0.0010343306734794,0.1295109674589072,0.1542903243722518,-21.78286273665137,0.0412358237261944,47.2,34
Prospera Balance Return Optimiser,CP,-0.1502647071479387,84,5.575407040457367,0.1032044900546248,0.0228444405704332,-0.0137279759879334,0.1011498357465568,0.1392780198036589,2.744729278800099,0.030036093653541,46.5,35
Schroder Dana Kombinasi,CP,-0.1556069947561972,254,1.48572095020759,-0.0096108557871617,0.0214849561161579,-0.0158635042158681,0.0511908168499999,0.0623998665268989,-7.395500162123605,0.0094470189020512,46.3,36
KISI Balanced Fund,CP,-0.1576517532226352,37,3.07431943626809,0.0241742726508298,0.0159243996429349,-0.0085010367166536,0.0551816304122219,0.0726277672500756,-1.982891612221208,0.0203781239084605,46.2,37
Insight Tunas Bangsa Balanced Fund 2,CP,-0.178247856670636,85,3.35341744837,0.105390233638161,0.0174684256746955,-0.0028262754076088,0.0602990408149999,0.0824489739226481,0.6298987056899662,0.0122153793254033,45.4,38
Insight Fellowship,CP,-0.1843201342864308,124,1.62927879746734,0.0179704035385796,0.0347013294834002,-0.0159475141340633,0.041640553528,0.0471802396856027,-1.695904342395895,0.0123288778953613,45.2,39
BRI Balanced Regular Income Fund Kelas A,CP,-0.184875678799384,77,1.965504243473179,-0.0175505886804216,0.004491864083852,-0.0554121939317534,0.02602038812,0.0539633703481556,0.6704779491117265,0.0070470977928213,45.1,40
Manulife Dana Campuran II,CP,-0.2078097334899586,204,2.505209736074969,0.0020795608447265,0.0118926884896393,-0.0067581820218877,0.0418337850380143,0.0623253696511041,-7.352956546383777,0.019805482159449,44.2,41
Recapital Balance Fund,CP,-0.2121624841738743,103,3.146204696728901,0.0464701794135994,0.0042965487425251,-0.0027805096192967,0.0190120315737971,0.0410042965731718,-0.8073304536998829,0.0092376172576702,44.1,42
Panin Dana Berimbang,CP,-0.2281881513696143,70,1.47947078840776,-0.0138760506480391,0.0173348783208174,-0.0547260896219087,0.0242890303749998,0.0493705855957402,-0.1112472731573529,0.0114305560280815,43.5,43
Insight Benefit Balanced Fund,CP,-0.2892169617451524,74,3.281268989259344,0.085719576840554,0.0161272446108048,-0.0052105095953993,0.0454637178559997,0.05578304998273,-0.5824196489999708,0.0107657610558246,41.1,44
Panin Dana Unggulan,CP,-0.2919229636772411,248,2.074628513539816,0.0359719887453402,0.007291970740993,-0.0051785748570088,0.0821912678428071,0.1191483052709255,-24.16409328370104,0.0281232415207586,41.0,45
Schroder Dynamic Balanced Fund,CP,-0.2937802177428008,139,2.833539956174016,0.1177114003447396,0.0253831627124769,-0.0152605988234004,0.1291080959893685,0.0999961242347129,-2.32531447849466,0.0282135807714867,40.9,46
MAM Balanced Fund,CP,-0.3033350271166723,99,3.244133427175343,0.0752538182092927,0.0191749960259386,-0.0101283715525828,0.0586273317374215,0.0601768496877177,-0.4830616111557388,0.0217369781498191,40.6,47
BNP Paribas Equitra Campuran Harmoni,CP,-0.3065389995312738,245,2.532109998176222,0.0126811229367404,0.0041430732803445,-0.002415377055874,0.0183471587074746,0.0284803860022619,-10.28000922554847,0.0040249019109609,40.4,48
Sequis Balance Ultima,CP,-0.3156436252188285,111,2.787323992337155,0.1030823804936419,0.0252093389861601,-0.0154164229001563,0.0877664041909627,0.0817930233222172,-1.239159182583666,0.0235855833833411,40.1,49
BNI-AM UGM Progressive Balanced,CP,-0.3286497138086268,115,3.034098131870504,0.0145341811483589,0.0155775472453461,0.007193408002845,0.003179913632,0.0203484194827281,-3.669197972632768,0.0152390629529029,39.6,50
Purwanto Campuran Dinamis,CP,-0.3480194817129792,47,3.078438402764869,0.0254799325185198,0.0295690446109208,-0.0148343277803621,0.0855538192932918,0.0750515899091273,-4.738903868354955,0.0330730259650147,38.8,51
SAM Cipta Sejahtera Campuran,CP,-0.3818604690610429,89,3.025763518857413,0.0085147165985865,0.0772910172253028,-0.0715865304913239,0.084218858,0.1305101364990753,0.7556923080898865,0.0359489517916814,37.5,52
HPAM PREMIUM 2,CP,-0.4411320042305077,134,3.107427653072996,0.034571248333572,0.0364031562159594,-0.0301098203875885,0.0273635166199999,0.0263310029608918,0.8519086916363618,0.0147525007296314,35.2,53
Panin Dana Berimbang Dua,CP,-0.5515989359090613,69,2.659498229781435,0.0599730535615144,0.0380142753109379,-0.0432920587607282,0.0699429774239996,0.0782120982904535,-3.37314389179591,0.0239750271860414,31.0,54
Panin Dana Bersama Plus,CP,-0.6170587374495411,169,2.278562586778218,0.1222536472750977,0.0376828379486687,-0.0049567397195052,0.0630557319200002,0.0353197103830273,-6.160624264373001,0.0296676056566219,28.4,55
Simas Satu,CP,-0.6910304097542934,303,4.921374877300044,-0.0159762514866761,0.0385413622780541,0.0236034149119842,0.0120251084847455,0.0602007921839353,-27.36889497300145,0.0312513661521825,25.6,56
SAM Dana Berkembang,CP,-1.351880270458253,341,2.62083036250465,0.0461038471750518,0.0132559975425367,0.0077681716362579,0.0528030936160484,0.0850093668441045,-66.64693739538076,0.0348157212128576,0.0,57
